Region,FY_Avg_Inventory_eur,SS_Baseline_eur,Excess_FY_Avg_eur
Europe,1758690.28125,654883.8783911593,1103806.4028588408
Asia,1758444.125,488161.80429610214,1270282.3207038979
North America,1746581.0885416667,1094194.8313995681,652386.2571420986
