Region,lanes,total_out_cost_eur,mean_cost_per_lane,mean_air_share,mean_LT_days,LT_weeks
Asia,3,6374816.624000001,590.2607985185186,0.20042537037037036,10.666666666666666,1.5238095238095237
Europe,4,4480749.944,311.16319055555556,0.22028347222222222,11.0,1.5714285714285714
North America,8,15049054.176,522.5366033333333,0.2995552430555556,6.875,0.9821428571428571
