Region,ocean_eur,air_eur,other_eur,total_eur,ocean_pct,air_pct,other_pct
Asia,4852714.488150948,685303.2952713154,255654.97657773705,5793672.760000001,0.8375886400858696,0.11828477783603976,0.04412658207809048
Europe,2922101.090857953,437452.14068189135,310935.41646015586,3670488.648,0.7961068323832486,0.11918090004726023,0.08471226756949116
North America,10550921.799900666,1687145.0090315132,1859447.6760678203,14097514.485,0.7484242567104314,0.11967677074044966,0.13189897254911884
